{
  "Stacking": {
    "test_metrics": {
      "accuracy": 0.9151111111111111,
      "f1": 0.8872809355144657,
      "roc_auc": 0.9342296900768918
    },
    "search_summary": null,
    "random_state": 42
  }
}