{
  "Dummy(most_frequent)": {
    "accuracy": 0.7373333333333333,
    "f1": 0.4244052187260169,
    "roc_auc": 0.5
  },
  "LogReg(scaled)": {
    "accuracy": 0.8162222222222222,
    "f1": 0.7273674109295816,
    "roc_auc": 0.8008942659074381
  },
  "DecisionTree": {
    "accuracy": 0.8295555555555556,
    "f1": 0.7680679065452427,
    "roc_auc": 0.8419158331369988
  },
  "RandomForest": {
    "accuracy": 0.8922222222222222,
    "f1": 0.8449353542063727,
    "roc_auc": 0.9301283365409819
  },
  "HistGradientBoosting": {
    "accuracy": 0.9084444444444445,
    "f1": 0.8749866490596083,
    "roc_auc": 0.9317563839346272
  },
  "Stacking": {
    "accuracy": 0.9151111111111111,
    "f1": 0.8872809355144657,
    "roc_auc": 0.9342296900768918
  }
}